shelter_id,name,address,city,state,zip,lon,lat,capacity,capacity_basis,opened,closed,status,coord_source,coord_confidence,facility_type,provider,closure_date,priority_vulnerable,raw_capacity,raw_unit
Bybee_Lakes_Hope_Center,Bybee Lakes Hope Center,14355 N Bybee Lake Ct,Portland,OR,,-122.677609,45.527327,536,SCENARIO_B_capacity_expansion_175x3.0627_real_location_unchanged_RELOCATED_scenarioC,2020-09-07,2020-09-19,operating,greedy_capacity_aware_p_median_over_rlis_graph,theoretical_site_not_a_real_facility,congregate,Helping Hands Reentry,,0,175,beds
Roseway_Inn_Motel_Shelte,Roseway Inn Motel Shelter,9723 NE Sandy Blvd,Portland,OR,,-122.674314,45.514205,459,SCENARIO_B_capacity_expansion_150x3.0627_real_location_unchanged_RELOCATED_scenarioC,2020-09-07,2020-09-19,operating,greedy_capacity_aware_p_median_over_rlis_graph,theoretical_site_not_a_real_facility,motel,Do Good Multnomah,2026-12-31,0,120,rooms
Willamette_Center,Willamette Center,5120 SE Milwaukie Ave,Portland,OR,,-122.689707,45.535665,398,SCENARIO_B_capacity_expansion_130x3.0627_real_location_unchanged_RELOCATED_scenarioC,2020-09-07,2020-09-19,operating,greedy_capacity_aware_p_median_over_rlis_graph,theoretical_site_not_a_real_facility,congregate,Transition Projects,,1,130,beds
Lilac_Meadows,Lilac Meadows,7740 SE Powell Blvd,Portland,OR,,-122.670296,45.523109,389,SCENARIO_B_capacity_expansion_127x3.0627_real_location_unchanged_RELOCATED_scenarioC,2020-09-07,2020-09-19,operating,greedy_capacity_aware_p_median_over_rlis_graph,theoretical_site_not_a_real_facility,family,Our Just Future,,0,39,rooms
Laurelwood_Center,Laurelwood Center,6130 SE Foster Rd,Portland,OR,,-122.571918,45.465833,368,SCENARIO_B_capacity_expansion_120x3.0627_real_location_unchanged_RELOCATED_scenarioC,2020-09-07,2020-09-19,operating,greedy_capacity_aware_p_median_over_rlis_graph,theoretical_site_not_a_real_facility,congregate,,2026-08-31,1,120,beds
River_District_Navigatio,River District Navigation Center,1111 NW Naito Pkwy,Portland,OR,,-122.747506,45.590142,306,SCENARIO_B_capacity_expansion_100x3.0627_real_location_unchanged_RELOCATED_scenarioC,2020-09-07,2020-09-19,operating,greedy_capacity_aware_p_median_over_rlis_graph,theoretical_site_not_a_real_facility,congregate,,2026-08-31,1,100,beds
Clark_Center,Clark Center,1431 SE Martin Luther King Jr Blvd,Portland,OR,,-122.682750,45.584518,276,SCENARIO_B_capacity_expansion_90x3.0627_real_location_unchanged_RELOCATED_scenarioC,2020-09-07,2020-09-19,operating,greedy_capacity_aware_p_median_over_rlis_graph,theoretical_site_not_a_real_facility,congregate,Transition Projects,,0,90,beds
Gresham_Womens_Shelter,Gresham Women's Shelter,16141 E Burnside St,Gresham,OR,,-122.544555,45.489718,276,SCENARIO_B_capacity_expansion_90x3.0627_real_location_unchanged_RELOCATED_scenarioC,2020-09-07,2020-09-19,operating,greedy_capacity_aware_p_median_over_rlis_graph,theoretical_site_not_a_real_facility,congregate,Our Just Future,,0,90,beds
Doreens_Place,Doreen's Place (Transition Projects),610 NW Broadway,Portland,OR,,-122.543241,45.555387,276,SCENARIO_B_capacity_expansion_90x3.0627_real_location_unchanged_RELOCATED_scenarioC,2020-09-07,2020-09-19,operating,greedy_capacity_aware_p_median_over_rlis_graph,theoretical_site_not_a_real_facility,congregate,Transition Projects,,0,90,beds
Arbor_Lodge_Shelter,Arbor Lodge Shelter,1952 N Lombard St,Portland,OR,,-122.675258,45.500394,270,SCENARIO_B_capacity_expansion_88x3.0627_real_location_unchanged_RELOCATED_scenarioC,2020-09-07,2020-09-19,operating,greedy_capacity_aware_p_median_over_rlis_graph,theoretical_site_not_a_real_facility,congregate,Do Good Multnomah,,0,88,beds
Delta_Park_Motel_Shelter,Delta Park Motel Shelter,1125 N Schmeer Rd,Portland,OR,,-122.574416,45.540881,233,SCENARIO_B_capacity_expansion_76x3.0627_real_location_unchanged_RELOCATED_scenarioC,2020-09-07,2020-09-19,operating,greedy_capacity_aware_p_median_over_rlis_graph,theoretical_site_not_a_real_facility,motel,Transition Projects,,0,61,rooms
Walnut_Park_Shelter,Walnut Park Shelter,5329 NE Martin Luther King Jr Blvd,Portland,OR,,-122.664644,45.557667,220,SCENARIO_B_capacity_expansion_72x3.0627_real_location_unchanged_RELOCATED_scenarioC,2020-09-07,2020-09-19,operating,greedy_capacity_aware_p_median_over_rlis_graph,theoretical_site_not_a_real_facility,congregate,,2026-08-31,1,72,beds
Banfield_Motel_Shelter,Banfield Motel Shelter,1525 NE 37th Ave,Portland,OR,,-122.576346,45.541808,220,SCENARIO_B_capacity_expansion_72x3.0627_real_location_unchanged_RELOCATED_scenarioC,2020-09-07,2020-09-19,operating,greedy_capacity_aware_p_median_over_rlis_graph,theoretical_site_not_a_real_facility,motel,Transition Projects,,0,58,rooms
Dignity_Village,Dignity Village,9401 NE Sunderland Ave,Portland,OR,,-122.521026,45.484303,202,SCENARIO_B_capacity_expansion_66x3.0627_real_location_unchanged_RELOCATED_scenarioC,2020-09-07,2020-09-19,operating,greedy_capacity_aware_p_median_over_rlis_graph,theoretical_site_not_a_real_facility,village,Dignity Village,,0,60,units
Peninsula_Crossing_SRV,Peninsula Crossing Trail Safe Rest Village,6631 N Syracuse St,Portland,OR,,-122.673484,45.519995,202,SCENARIO_B_capacity_expansion_66x3.0627_real_location_unchanged_RELOCATED_scenarioC,2020-09-07,2020-09-19,operating,greedy_capacity_aware_p_median_over_rlis_graph,theoretical_site_not_a_real_facility,village,City of Portland,,0,60,units
Reedway_SRV,Reedway Safe Rest Village,SE 106th Ave & SE Reedway St,Portland,OR,,-122.608809,45.553917,202,SCENARIO_B_capacity_expansion_66x3.0627_real_location_unchanged_RELOCATED_scenarioC,2020-09-07,2020-09-19,operating,greedy_capacity_aware_p_median_over_rlis_graph,theoretical_site_not_a_real_facility,village,City of Portland / Urban Alchemy,,0,60,units
Sunderland_RV_Safe_Park,Sunderland RV Safe Park,9827 NE Sunderland Ave,Portland,OR,,-122.679366,45.498008,187,SCENARIO_B_capacity_expansion_61x3.0627_real_location_unchanged_RELOCATED_scenarioC,2020-09-07,2020-09-19,operating,greedy_capacity_aware_p_median_over_rlis_graph,theoretical_site_not_a_real_facility,village,City of Portland / Urban Alchemy,,0,55,units
Jeans_Place,Jean's Place,18 NE 11th Ave,Portland,OR,,-122.678460,45.471261,184,SCENARIO_B_capacity_expansion_60x3.0627_real_location_unchanged_RELOCATED_scenarioC,2020-09-07,2020-09-19,operating,greedy_capacity_aware_p_median_over_rlis_graph,theoretical_site_not_a_real_facility,congregate,Transition Projects,,0,60,beds
Menlo_Park_SRV,Menlo Park Safe Rest Village,NE 122nd Ave & E Burnside St,Portland,OR,,-122.563081,45.561364,168,SCENARIO_B_capacity_expansion_55x3.0627_real_location_unchanged_RELOCATED_scenarioC,2020-09-07,2020-09-19,operating,greedy_capacity_aware_p_median_over_rlis_graph,theoretical_site_not_a_real_facility,village,City of Portland,,0,50,units
Stark_Street_Motel_Shelt,Stark Street Motel Shelter,18323 SE Stark St,Gresham,OR,,-122.679775,45.502990,165,SCENARIO_B_capacity_expansion_54x3.0627_real_location_unchanged_RELOCATED_scenarioC,2020-09-07,2020-09-19,operating,greedy_capacity_aware_p_median_over_rlis_graph,theoretical_site_not_a_real_facility,motel,Do Good Multnomah,,0,43,rooms
Rockwood_Bridge_Shelter,Rockwood Bridge Shelter,121 NE 181st Ave,Gresham,OR,,-122.560499,45.563175,159,SCENARIO_B_capacity_expansion_52x3.0627_real_location_unchanged_RELOCATED_scenarioC,2020-09-07,2020-09-19,operating,greedy_capacity_aware_p_median_over_rlis_graph,theoretical_site_not_a_real_facility,motel,Transition Projects,,0,42,rooms
Harrison_Community_Villa,Harrison Community Village,1818 SE 82nd Ave,Portland,OR,,-122.681903,45.502294,129,SCENARIO_B_capacity_expansion_42x3.0627_real_location_unchanged_RELOCATED_scenarioC,2020-09-07,2020-09-19,operating,greedy_capacity_aware_p_median_over_rlis_graph,theoretical_site_not_a_real_facility,village,Do Good Multnomah,,0,38,units
BIPOC_SRV,BIPOC Safe Rest Village,84 NE Weidler St,Portland,OR,,-122.578550,45.559880,129,SCENARIO_B_capacity_expansion_42x3.0627_real_location_unchanged_RELOCATED_scenarioC,2020-09-07,2020-09-19,operating,greedy_capacity_aware_p_median_over_rlis_graph,theoretical_site_not_a_real_facility,village,City of Portland,,0,38,units
Queer_Affinity_Village,Queer Affinity Safe Rest Village,2300 SW Naito Pkwy,Portland,OR,,-122.683123,45.604416,116,SCENARIO_B_capacity_expansion_38x3.0627_real_location_unchanged_RELOCATED_scenarioC,2020-09-07,2020-09-19,operating,greedy_capacity_aware_p_median_over_rlis_graph,theoretical_site_not_a_real_facility,village,City of Portland,,0,35,units
Behavioral_Health_Resour,Behavioral Health Resource Center,333 SW Park Ave,Portland,OR,,-122.550574,45.572563,101,SCENARIO_B_capacity_expansion_33x3.0627_real_location_unchanged_RELOCATED_scenarioC,2020-09-07,2020-09-19,operating,greedy_capacity_aware_p_median_over_rlis_graph,theoretical_site_not_a_real_facility,other,Do Good Multnomah,,0,33,beds
Oak_Street_Village,Oak Street Village,333 SE 82nd Ave,Portland,OR,,-122.681624,45.509202,98,SCENARIO_B_capacity_expansion_32x3.0627_real_location_unchanged_RELOCATED_scenarioC,2020-09-07,2020-09-19,operating,greedy_capacity_aware_p_median_over_rlis_graph,theoretical_site_not_a_real_facility,village,Straightway Services,,0,29,units
Porch_Light_Youth_Shelte,Porch Light Youth Shelter,1635 SW Alder St,Portland,OR,,-122.581127,45.559140,92,SCENARIO_B_capacity_expansion_30x3.0627_real_location_unchanged_RELOCATED_scenarioC,2020-09-07,2020-09-19,operating,greedy_capacity_aware_p_median_over_rlis_graph,theoretical_site_not_a_real_facility,youth,Janus Youth Programs,,0,30,beds
Street_Light_Youth_Shelt,Street Light Youth Shelter,1635 SW Alder St,Portland,OR,,-122.679356,45.492386,92,SCENARIO_B_capacity_expansion_30x3.0627_real_location_unchanged_RELOCATED_scenarioC,2020-09-07,2020-09-19,operating,greedy_capacity_aware_p_median_over_rlis_graph,theoretical_site_not_a_real_facility,youth,Janus Youth Programs,,0,30,beds
Thayer_Family_Foundation,Thayer Family Foundation Veterans Motel Shelter,8355 N Interstate Ave,Portland,OR,,-122.573348,45.561882,64,SCENARIO_B_capacity_expansion_21x3.0627_real_location_unchanged_RELOCATED_scenarioC,2020-09-07,2020-09-19,operating,greedy_capacity_aware_p_median_over_rlis_graph,theoretical_site_not_a_real_facility,motel,Do Good Multnomah,,1,17,rooms
Kenton_Womens_Village,Kenton Women's Village,2420 N Columbia Blvd,Portland,OR,,-122.554744,45.573950,64,SCENARIO_B_capacity_expansion_21x3.0627_real_location_unchanged_RELOCATED_scenarioC,2020-09-07,2020-09-19,operating,greedy_capacity_aware_p_median_over_rlis_graph,theoretical_site_not_a_real_facility,village,Catholic Charities of Oregon,,1,19,units
St_Johns_Village,St Johns Village,8005 N Richmond Ave,Portland,OR,,-122.678756,45.514533,64,SCENARIO_B_capacity_expansion_21x3.0627_real_location_unchanged_RELOCATED_scenarioC,2020-09-07,2020-09-19,operating,greedy_capacity_aware_p_median_over_rlis_graph,theoretical_site_not_a_real_facility,village,Do Good Multnomah,,0,19,units
Arbor_Lodge_Village_Pods,Arbor Lodge Village Pods,1952 N Lombard St,Portland,OR,,-122.587379,45.562669,61,SCENARIO_B_capacity_expansion_20x3.0627_real_location_unchanged_RELOCATED_scenarioC,2020-09-07,2020-09-19,operating,greedy_capacity_aware_p_median_over_rlis_graph,theoretical_site_not_a_real_facility,village,Do Good Multnomah,,1,18,units
Avalon_Village,Avalon Village,2539 SE 19th Ave,Portland,OR,,-122.555803,45.574513,34,SCENARIO_B_capacity_expansion_11x3.0627_real_location_unchanged_RELOCATED_scenarioC,2020-09-07,2020-09-19,operating,greedy_capacity_aware_p_median_over_rlis_graph,theoretical_site_not_a_real_facility,village,WeShine PDX,,0,10,units
Beacon_Village,Beacon Village,621 NE 76th Ave,Portland,OR,,-122.587383,45.563251,34,SCENARIO_B_capacity_expansion_11x3.0627_real_location_unchanged_RELOCATED_scenarioC,2020-09-07,2020-09-19,operating,greedy_capacity_aware_p_median_over_rlis_graph,theoretical_site_not_a_real_facility,village,Beacon Village,2026-08-31,0,10,units
Parkrose_Community_Villa,Parkrose Community Village,12505 NE Halsey St,Portland,OR,,-122.578039,45.569031,34,SCENARIO_B_capacity_expansion_11x3.0627_real_location_unchanged_RELOCATED_scenarioC,2020-09-07,2020-09-19,operating,greedy_capacity_aware_p_median_over_rlis_graph,theoretical_site_not_a_real_facility,village,WeShine,,0,10,units
St_Andrews_Village,St Andrews Village,7600 N Hereford Ave,Portland,OR,,-122.591176,45.561328,34,SCENARIO_B_capacity_expansion_11x3.0627_real_location_unchanged_RELOCATED_scenarioC,2020-09-07,2020-09-19,operating,greedy_capacity_aware_p_median_over_rlis_graph,theoretical_site_not_a_real_facility,village,WeShine,,0,10,units
