Scenario,Shelter,Name,Longitude,Latitude,Beds,People inside at the end,People turned away at this door,How full (%),Average walk of people who got in (m)
"A - Today (real shelters, real number of beds)",Arbor_Lodge_Shelter,Arbor Lodge Shelter,-122.686753,45.576626,88,88,760,100.0,1335.39
"A - Today (real shelters, real number of beds)",Bybee_Lakes_Hope_Center,Bybee Lakes Hope Center,-122.757778,45.626297,175,175,3905,100.0,19921.27
"A - Today (real shelters, real number of beds)",Clark_Center,Clark Center,-122.661942,45.512502,90,90,274,100.0,374.20
"A - Today (real shelters, real number of beds)",Gresham_Womens_Shelter,Gresham Women's Shelter,-122.497037,45.522018,90,0,0,0.0,
"A - Today (real shelters, real number of beds)",Jeans_Place,Jean's Place,-122.654323,45.523278,60,60,282,100.0,313.51
"A - Today (real shelters, real number of beds)",Laurelwood_Center,Laurelwood Center,-122.600281,45.491148,120,120,539,100.0,644.89
"A - Today (real shelters, real number of beds)",River_District_Navigatio,River District Navigation Center,-122.676937,45.530708,100,100,719,100.0,602.52
"A - Today (real shelters, real number of beds)",Walnut_Park_Shelter,Walnut Park Shelter,-122.661833,45.562279,72,72,324,100.0,996.39
"A - Today (real shelters, real number of beds)",Willamette_Center,Willamette Center,-122.649327,45.485729,130,130,829,100.0,936.17
"A - Today (real shelters, real number of beds)",Banfield_Motel_Shelter,Banfield Motel Shelter,-122.625558,45.534537,72,72,179,100.0,519.62
"A - Today (real shelters, real number of beds)",Delta_Park_Motel_Shelter,Delta Park Motel Shelter,-122.679565,45.590053,76,76,16,100.0,1274.56
"A - Today (real shelters, real number of beds)",Roseway_Inn_Motel_Shelte,Roseway Inn Motel Shelter,-122.562494,45.558812,150,150,800,100.0,1275.44
"A - Today (real shelters, real number of beds)",Rockwood_Bridge_Shelter,Rockwood Bridge Shelter,-122.477620,45.522979,52,3,0,5.8,3873.69
"A - Today (real shelters, real number of beds)",Stark_Street_Motel_Shelt,Stark Street Motel Shelter,-122.474369,45.519541,54,19,0,35.2,24794.67
"A - Today (real shelters, real number of beds)",Thayer_Family_Foundation,Thayer Family Foundation Veterans Motel Shelter,-122.685370,45.583337,21,21,22,100.0,247.66
"A - Today (real shelters, real number of beds)",Arbor_Lodge_Village_Pods,Arbor Lodge Village Pods,-122.686753,45.576626,20,20,437,100.0,2722.97
"A - Today (real shelters, real number of beds)",Avalon_Village,Avalon Village,-122.647011,45.504545,11,11,343,100.0,737.95
"A - Today (real shelters, real number of beds)",Beacon_Village,Beacon Village,-122.585163,45.527605,11,11,191,100.0,314.96
"A - Today (real shelters, real number of beds)",Dignity_Village,Dignity Village,-122.635880,45.590779,66,66,4147,100.0,7906.57
"A - Today (real shelters, real number of beds)",Harrison_Community_Villa,Harrison Community Village,-122.578184,45.509737,42,42,191,100.0,928.44
"A - Today (real shelters, real number of beds)",Kenton_Womens_Village,Kenton Women's Village,-122.691841,45.586652,21,21,28,100.0,373.80
"A - Today (real shelters, real number of beds)",Oak_Street_Village,Oak Street Village,-122.579609,45.520115,32,32,126,100.0,220.38
"A - Today (real shelters, real number of beds)",Parkrose_Community_Villa,Parkrose Community Village,-122.533971,45.534177,11,11,269,100.0,339.09
"A - Today (real shelters, real number of beds)",St_Andrews_Village,St Andrews Village,-122.721754,45.582464,11,11,30,100.0,476.56
"A - Today (real shelters, real number of beds)",St_Johns_Village,St Johns Village,-122.750203,45.590193,21,21,187,100.0,332.14
"A - Today (real shelters, real number of beds)",Lilac_Meadows,Lilac Meadows,-122.583071,45.496970,127,127,242,100.0,722.84
"A - Today (real shelters, real number of beds)",Porch_Light_Youth_Shelte,Porch Light Youth Shelter,-122.688141,45.522468,30,30,296,100.0,365.73
"A - Today (real shelters, real number of beds)",Street_Light_Youth_Shelt,Street Light Youth Shelter,-122.688141,45.522468,30,30,50,100.0,585.58
"A - Today (real shelters, real number of beds)",Behavioral_Health_Resour,Behavioral Health Resource Center,-122.679643,45.521959,33,33,182,100.0,303.92
"A - Today (real shelters, real number of beds)",Sunderland_RV_Safe_Park,Sunderland RV Safe Park,-122.635896,45.595053,61,61,246,100.0,8029.86
"A - Today (real shelters, real number of beds)",Peninsula_Crossing_SRV,Peninsula Crossing Trail Safe Rest Village,-122.735946,45.583354,66,66,189,100.0,926.18
"A - Today (real shelters, real number of beds)",BIPOC_SRV,BIPOC Safe Rest Village,-122.665928,45.534443,42,42,282,100.0,294.81
"A - Today (real shelters, real number of beds)",Queer_Affinity_Village,Queer Affinity Safe Rest Village,-122.677686,45.506081,38,38,180,100.0,448.14
"A - Today (real shelters, real number of beds)",Doreens_Place,Doreen's Place (Transition Projects),-122.677480,45.527488,90,90,42,100.0,274.79
"A - Today (real shelters, real number of beds)",Menlo_Park_SRV,Menlo Park Safe Rest Village,-122.537593,45.522410,55,55,689,100.0,497.23
"A - Today (real shelters, real number of beds)",Reedway_SRV,Reedway Safe Rest Village,-122.606664,45.481822,66,66,171,100.0,838.60
"B - More beds, in the places we already have",Arbor_Lodge_Shelter,Arbor Lodge Shelter,-122.686753,45.576626,270,270,337,100.0,8079.81
"B - More beds, in the places we already have",Bybee_Lakes_Hope_Center,Bybee Lakes Hope Center,-122.757778,45.626297,536,536,496,100.0,31468.55
"B - More beds, in the places we already have",Clark_Center,Clark Center,-122.661942,45.512502,276,276,86,100.0,587.13
"B - More beds, in the places we already have",Gresham_Womens_Shelter,Gresham Women's Shelter,-122.497037,45.522018,276,0,0,0.0,
"B - More beds, in the places we already have",Jeans_Place,Jean's Place,-122.654323,45.523278,184,184,158,100.0,545.03
"B - More beds, in the places we already have",Laurelwood_Center,Laurelwood Center,-122.600281,45.491148,368,368,291,100.0,1764.95
"B - More beds, in the places we already have",River_District_Navigatio,River District Navigation Center,-122.676937,45.530708,306,306,142,100.0,1420.89
"B - More beds, in the places we already have",Walnut_Park_Shelter,Walnut Park Shelter,-122.661833,45.562279,220,220,503,100.0,2873.66
"B - More beds, in the places we already have",Willamette_Center,Willamette Center,-122.649327,45.485729,398,398,159,100.0,2640.18
"B - More beds, in the places we already have",Banfield_Motel_Shelter,Banfield Motel Shelter,-122.625558,45.534537,220,220,31,100.0,1189.06
"B - More beds, in the places we already have",Delta_Park_Motel_Shelter,Delta Park Motel Shelter,-122.679565,45.590053,233,233,127,100.0,10706.25
"B - More beds, in the places we already have",Roseway_Inn_Motel_Shelte,Roseway Inn Motel Shelter,-122.562494,45.558812,459,459,1081,100.0,3951.48
"B - More beds, in the places we already have",Rockwood_Bridge_Shelter,Rockwood Bridge Shelter,-122.477620,45.522979,159,3,0,1.9,3873.69
"B - More beds, in the places we already have",Stark_Street_Motel_Shelt,Stark Street Motel Shelter,-122.474369,45.519541,165,19,0,11.5,24794.67
"B - More beds, in the places we already have",Thayer_Family_Foundation,Thayer Family Foundation Veterans Motel Shelter,-122.685370,45.583337,64,64,91,100.0,4768.62
"B - More beds, in the places we already have",Arbor_Lodge_Village_Pods,Arbor Lodge Village Pods,-122.686753,45.576626,61,61,26,100.0,11480.67
"B - More beds, in the places we already have",Avalon_Village,Avalon Village,-122.647011,45.504545,34,34,219,100.0,870.63
"B - More beds, in the places we already have",Beacon_Village,Beacon Village,-122.585163,45.527605,34,34,168,100.0,705.93
"B - More beds, in the places we already have",Dignity_Village,Dignity Village,-122.635880,45.590779,202,202,896,100.0,16788.62
"B - More beds, in the places we already have",Harrison_Community_Villa,Harrison Community Village,-122.578184,45.509737,129,129,329,100.0,1546.01
"B - More beds, in the places we already have",Kenton_Womens_Village,Kenton Women's Village,-122.691841,45.586652,64,64,57,100.0,6091.56
"B - More beds, in the places we already have",Oak_Street_Village,Oak Street Village,-122.579609,45.520115,98,98,131,100.0,921.79
"B - More beds, in the places we already have",Parkrose_Community_Villa,Parkrose Community Village,-122.533971,45.534177,34,34,246,100.0,542.30
"B - More beds, in the places we already have",St_Andrews_Village,St Andrews Village,-122.721754,45.582464,34,34,7,100.0,1157.32
"B - More beds, in the places we already have",St_Johns_Village,St Johns Village,-122.750203,45.590193,64,64,144,100.0,576.29
"B - More beds, in the places we already have",Lilac_Meadows,Lilac Meadows,-122.583071,45.496970,389,389,357,100.0,2373.42
"B - More beds, in the places we already have",Porch_Light_Youth_Shelte,Porch Light Youth Shelter,-122.688141,45.522468,92,92,231,100.0,552.54
"B - More beds, in the places we already have",Street_Light_Youth_Shelt,Street Light Youth Shelter,-122.688141,45.522468,92,92,100,100.0,971.20
"B - More beds, in the places we already have",Behavioral_Health_Resour,Behavioral Health Resource Center,-122.679643,45.521959,101,101,114,100.0,475.46
"B - More beds, in the places we already have",Sunderland_RV_Safe_Park,Sunderland RV Safe Park,-122.635896,45.595053,187,187,94,100.0,18033.25
"B - More beds, in the places we already have",Peninsula_Crossing_SRV,Peninsula Crossing Trail Safe Rest Village,-122.735946,45.583354,202,202,32,100.0,2227.78
"B - More beds, in the places we already have",BIPOC_SRV,BIPOC Safe Rest Village,-122.665928,45.534443,129,129,195,100.0,496.08
"B - More beds, in the places we already have",Queer_Affinity_Village,Queer Affinity Safe Rest Village,-122.677686,45.506081,116,116,166,100.0,787.83
"B - More beds, in the places we already have",Doreens_Place,Doreen's Place (Transition Projects),-122.677480,45.527488,276,276,355,100.0,1735.53
"B - More beds, in the places we already have",Menlo_Park_SRV,Menlo Park Safe Rest Village,-122.537593,45.522410,168,168,652,100.0,1275.69
"B - More beds, in the places we already have",Reedway_SRV,Reedway Safe Rest Village,-122.606664,45.481822,202,202,111,100.0,1715.29
"C - Existing shelters a bit bigger, plus 10 new ones in better places",Arbor_Lodge_Shelter,Arbor Lodge Shelter,-122.686753,45.576626,132,132,226,100.0,3097.40
"C - Existing shelters a bit bigger, plus 10 new ones in better places",Bybee_Lakes_Hope_Center,Bybee Lakes Hope Center,-122.757778,45.626297,262,262,216,100.0,39475.07
"C - Existing shelters a bit bigger, plus 10 new ones in better places",Clark_Center,Clark Center,-122.661942,45.512502,135,135,189,100.0,435.49
"C - Existing shelters a bit bigger, plus 10 new ones in better places",Gresham_Womens_Shelter,Gresham Women's Shelter,-122.497037,45.522018,135,0,0,0.0,
"C - Existing shelters a bit bigger, plus 10 new ones in better places",Jeans_Place,Jean's Place,-122.654323,45.523278,90,90,252,100.0,391.09
"C - Existing shelters a bit bigger, plus 10 new ones in better places",Laurelwood_Center,Laurelwood Center,-122.600281,45.491148,180,180,110,100.0,818.83
"C - Existing shelters a bit bigger, plus 10 new ones in better places",River_District_Navigatio,River District Navigation Center,-122.676937,45.530708,150,150,117,100.0,1298.57
"C - Existing shelters a bit bigger, plus 10 new ones in better places",Walnut_Park_Shelter,Walnut Park Shelter,-122.661833,45.562279,108,108,77,100.0,1321.40
"C - Existing shelters a bit bigger, plus 10 new ones in better places",Willamette_Center,Willamette Center,-122.649327,45.485729,195,195,58,100.0,1341.75
"C - Existing shelters a bit bigger, plus 10 new ones in better places",Banfield_Motel_Shelter,Banfield Motel Shelter,-122.625558,45.534537,108,108,143,100.0,624.62
"C - Existing shelters a bit bigger, plus 10 new ones in better places",Delta_Park_Motel_Shelter,Delta Park Motel Shelter,-122.679565,45.590053,114,114,277,100.0,11275.70
"C - Existing shelters a bit bigger, plus 10 new ones in better places",Roseway_Inn_Motel_Shelte,Roseway Inn Motel Shelter,-122.562494,45.558812,225,225,159,100.0,3128.96
"C - Existing shelters a bit bigger, plus 10 new ones in better places",Rockwood_Bridge_Shelter,Rockwood Bridge Shelter,-122.477620,45.522979,78,3,0,3.8,3873.69
"C - Existing shelters a bit bigger, plus 10 new ones in better places",Stark_Street_Motel_Shelt,Stark Street Motel Shelter,-122.474369,45.519541,81,19,0,23.5,24794.67
"C - Existing shelters a bit bigger, plus 10 new ones in better places",Thayer_Family_Foundation,Thayer Family Foundation Veterans Motel Shelter,-122.685370,45.583337,32,32,52,100.0,1654.51
"C - Existing shelters a bit bigger, plus 10 new ones in better places",Arbor_Lodge_Village_Pods,Arbor Lodge Village Pods,-122.686753,45.576626,30,30,0,100.0,6804.60
"C - Existing shelters a bit bigger, plus 10 new ones in better places",Avalon_Village,Avalon Village,-122.647011,45.504545,16,16,236,100.0,791.39
"C - Existing shelters a bit bigger, plus 10 new ones in better places",Beacon_Village,Beacon Village,-122.585163,45.527605,16,16,153,100.0,426.98
"C - Existing shelters a bit bigger, plus 10 new ones in better places",Dignity_Village,Dignity Village,-122.635880,45.590779,99,99,519,100.0,16899.48
"C - Existing shelters a bit bigger, plus 10 new ones in better places",Harrison_Community_Villa,Harrison Community Village,-122.578184,45.509737,63,63,102,100.0,1109.53
"C - Existing shelters a bit bigger, plus 10 new ones in better places",Kenton_Womens_Village,Kenton Women's Village,-122.691841,45.586652,32,32,6,100.0,706.16
"C - Existing shelters a bit bigger, plus 10 new ones in better places",Oak_Street_Village,Oak Street Village,-122.579609,45.520115,48,48,120,100.0,365.72
"C - Existing shelters a bit bigger, plus 10 new ones in better places",Parkrose_Community_Villa,Parkrose Community Village,-122.533971,45.534177,16,16,176,100.0,391.81
"C - Existing shelters a bit bigger, plus 10 new ones in better places",St_Andrews_Village,St Andrews Village,-122.721754,45.582464,16,16,25,100.0,653.67
"C - Existing shelters a bit bigger, plus 10 new ones in better places",St_Johns_Village,St Johns Village,-122.750203,45.590193,32,32,176,100.0,416.00
"C - Existing shelters a bit bigger, plus 10 new ones in better places",Lilac_Meadows,Lilac Meadows,-122.583071,45.496970,190,190,200,100.0,1041.97
"C - Existing shelters a bit bigger, plus 10 new ones in better places",Porch_Light_Youth_Shelte,Porch Light Youth Shelter,-122.688141,45.522468,45,45,158,100.0,531.22
"C - Existing shelters a bit bigger, plus 10 new ones in better places",Street_Light_Youth_Shelt,Street Light Youth Shelter,-122.688141,45.522468,45,45,0,100.0,963.59
"C - Existing shelters a bit bigger, plus 10 new ones in better places",Behavioral_Health_Resour,Behavioral Health Resource Center,-122.679643,45.521959,50,50,31,100.0,359.51
"C - Existing shelters a bit bigger, plus 10 new ones in better places",Sunderland_RV_Safe_Park,Sunderland RV Safe Park,-122.635896,45.595053,92,92,47,100.0,18084.28
"C - Existing shelters a bit bigger, plus 10 new ones in better places",Peninsula_Crossing_SRV,Peninsula Crossing Trail Safe Rest Village,-122.735946,45.583354,99,99,167,100.0,1413.13
"C - Existing shelters a bit bigger, plus 10 new ones in better places",BIPOC_SRV,BIPOC Safe Rest Village,-122.665928,45.534443,63,63,261,100.0,372.45
"C - Existing shelters a bit bigger, plus 10 new ones in better places",Queer_Affinity_Village,Queer Affinity Safe Rest Village,-122.677686,45.506081,57,57,5,100.0,549.79
"C - Existing shelters a bit bigger, plus 10 new ones in better places",Doreens_Place,Doreen's Place (Transition Projects),-122.677480,45.527488,135,135,53,100.0,729.25
"C - Existing shelters a bit bigger, plus 10 new ones in better places",Menlo_Park_SRV,Menlo Park Safe Rest Village,-122.537593,45.522410,82,82,398,100.0,647.28
"C - Existing shelters a bit bigger, plus 10 new ones in better places",Reedway_SRV,Reedway Safe Rest Village,-122.606664,45.481822,99,99,76,100.0,995.78
"C - Existing shelters a bit bigger, plus 10 new ones in better places",NEW_optimized_site_01,Proposed clean-air shelter 1 (optimized location),-122.684239,45.525066,350,350,99,100.0,3597.26
"C - Existing shelters a bit bigger, plus 10 new ones in better places",NEW_optimized_site_02,Proposed clean-air shelter 2 (optimized location),-122.674314,45.514205,350,350,58,100.0,2748.64
"C - Existing shelters a bit bigger, plus 10 new ones in better places",NEW_optimized_site_03,Proposed clean-air shelter 3 (optimized location),-122.685357,45.536118,349,349,121,100.0,2175.53
"C - Existing shelters a bit bigger, plus 10 new ones in better places",NEW_optimized_site_04,Proposed clean-air shelter 4 (optimized location),-122.544555,45.489718,349,349,170,100.0,1887.10
"C - Existing shelters a bit bigger, plus 10 new ones in better places",NEW_optimized_site_05,Proposed clean-air shelter 5 (optimized location),-122.574416,45.540881,349,349,573,100.0,4514.35
"C - Existing shelters a bit bigger, plus 10 new ones in better places",NEW_optimized_site_06,Proposed clean-air shelter 6 (optimized location),-122.686929,45.585790,349,349,183,100.0,13197.33
"C - Existing shelters a bit bigger, plus 10 new ones in better places",NEW_optimized_site_07,Proposed clean-air shelter 7 (optimized location),-122.675258,45.500394,349,349,88,100.0,3627.81
"C - Existing shelters a bit bigger, plus 10 new ones in better places",NEW_optimized_site_08,Proposed clean-air shelter 8 (optimized location),-122.571918,45.465833,349,349,349,100.0,1872.20
"C - Existing shelters a bit bigger, plus 10 new ones in better places",NEW_optimized_site_09,Proposed clean-air shelter 9 (optimized location),-122.543241,45.555387,349,349,361,100.0,3719.80
"C - Existing shelters a bit bigger, plus 10 new ones in better places",NEW_optimized_site_10,Proposed clean-air shelter 10 (optimized location),-122.673484,45.519995,349,349,195,100.0,1728.19
